{"cameraMode":{"drawMode":0,"name":"Shaded","section":"Shading Mode"},"sceneLighting":true,"audioPlay":false,"sceneViewState":{"showFog":true,"showMaterialUpdate":false,"showSkybox":true,"showFlares":true,"showImageEffects":true,"showParticleSystems":true},"in2DMode":false,"pivot":{"x":5.960826873779297,"y":1.4055129289627076,"z":3.1171817779541017},"rotation":{"x":0.11831922084093094,"y":0.6789829730987549,"z":-0.11222753673791886,"w":0.715816855430603},"size":1.4926049709320069,"orthographic":false}